<chart palette='2' showValues='0' formatNumberScale='0' useRoundEdges='1' baseFont='Arial' baseFontSize='12' baseFontColor='60634E' showAlternateHGridColor='1' anchorRadius='1' alternateHGridColor='CC3300' alternateHGridAlpha='5' divLineColor='CC3300' divLineAlpha='20' shadowAlpha='40' bgColor='e8f0f2,ffffff'  showNames='1'>
  <set label="Item A" value="4" /> 
  <set label="Item B" value="5" /> 
  <set label="Item C" value="2" /> 
  <set label="Item D" value="4" /> 
  <set label="Item E" value="5" isSliced="1" /> 
  <set label="Item F" value="5" isSliced="1" /> 
  <set label="Item G" value="4" /> 
  <set label="Item H" value="5" /> 
  <set label="Item I" value="2" /> 
</chart>