<chart caption='Site hits per hour' subCaption='In Thousands' numdivlines='9' showValues='0' numVDivLines='24' showAlternateVGridColor='1' numVisiblePlot='12' plotGradientColor='' plotFillAlpha='30' palette='4' scrollBtnPadding='2' scrollHeight='26' scrollBtnWidth='40' canvasPadding='25'>
<categories >
<category label='00:00' />
<category label='01:00' />
<category label='02:00' />
<category label='03:00' />
<category label='04:00' />
<category label='05:00' />
<category label='06:00' />
<category label='07:00' />
<category label='08:00' />
<category label='09:00' />
<category label='10:00' />
<category label='11:00' />
<category label='12:00' />
<category label='13:00' />
<category label='14:00' />
<category label='15:00' />
<category label='16:00' />
<category label='17:00' />
<category label='18:00' />
<category label='19:00' />
<category label='20:00' />
<category label='21:00' />
<category label='22:00' />
<category label='23:00' />
</categories>
<dataset seriesName='Mon' color='808080' anchorBorderColor='808080'>
<set value='37' />
<set value='45' />
<set value='70' />
<set value='79' />
<set value='168' />
<set value='337' />
<set value='374' />
<set value='431' />
<set value='543' />
<set value='784' />
<set value='1117' />
<set value='1415' />
<set value='2077' />
<set value='2510' />
<set value='3025' />
<set value='3383' />
<set value='3711' />
<set value='4016' />
<set value='4355' />
<set value='4751' />
<set value='5154' />
<set value='5475' />
<set value='5696' />
<set value='5801' />
</dataset>
<dataset seriesName='Tue' color='800080' anchorBorderColor='800080'>
<set value='54' />
<set value='165' />
<set value='175' />
<set value='190' />
<set value='212' />
<set value='241' />
<set value='308' />
<set value='401' />
<set value='481' />
<set value='851' />
<set value='1250' />
<set value='2415' />
<set value='2886' />
<set value='3252' />
<set value='3673' />
<set value='4026' />
<set value='4470' />
<set value='4813' />
<set value='4961' />
<set value='5086' />
<set value='5284' />
<set value='5391' />
<set value='5657' />
<set value='5847' />
</dataset>
<dataset seriesName='Wed' color='FF8040' anchorBorderColor='FF8040'>
<set value='111' />
<set value='120' />
<set value='128' />
<set value='140' />
<set value='146' />
<set value='157' />
<set value='190' />
<set value='250' />
<set value='399' />
<set value='691' />
<set value='952' />
<set value='1448' />
<set value='1771' />
<set value='2316' />
<set value='2763' />
<set value='3149' />
<set value='3637' />
<set value='4015' />
<set value='4262' />
<set value='4541' />
<set value='4837' />
<set value='5016' />
<set value='5133' />
<set value='5278' />
</dataset>
</chart>
