<?xml version="1.0" encoding="UTF-8"?>
<!DOCTYPE mapper PUBLIC "-//mybatis.org//DTD Mapper 3.0//EN" "http://mybatis.org/dtd/mybatis-3-mapper.dtd">
<mapper namespace="com.lckj.security.role.mapper.RoleMapper">	  
	<select id="count" parameterType="map" resultType="int">
		SELECT count(1) FROM PUB_ROLE 
		<if test="condition.expressions != null ">
			<where>${condition.comboedExpressions}</where>
		</if>		
	</select>
	  
	<select id="list" parameterType="map" resultType="com.lckj.security.role.model.RoleVO">
		SELECT * FROM PUB_ROLE 
		<if test="condition.expressions != null ">
			<where>${condition.comboedExpressions}</where>
		</if>		
		<if test="condition.orderBy != null">
			${condition.orderBy}
		</if>  
	</select>
	
	<select id="roleList" parameterType="map" resultType="com.lckj.security.role.model.RoleVO">
		select *
		  from pub_role t
		 where t.role_level >= (select min(s.role_level)
		                          from pub_user_r_role t, pub_role s
		                         where t.role_id = s.role_id
		                           and t.user_id = ${userId})
	</select>
	
	<select id="queryMenuIdByOperationId" parameterType="map" resultType="String">
		select distinct parent_menu_id menu_id
			  from pub_menu t
			 where t.menu_id in
			       (select distinct t.menu_id
			          from pub_operation t
			         where t.operation_id in (${operationId}))
			union all
			select distinct t.menu_id
			  from pub_operation t
			 where t.operation_id in (${operationId})	
	</select>
	
	<insert id="insert" parameterType="com.lckj.security.role.model.RoleVO" >
		INSERT INTO PUB_ROLE (
				ROLE_NAME,
				STATUS,
				ROLE_LEVEL,
				REMARK
		)VALUES(
				#{roleName,jdbcType=VARCHAR},
				#{status,jdbcType=INTEGER},
				#{roleLevel,jdbcType=INTEGER},
				#{remark,jdbcType=VARCHAR}
		)
	</insert>
	
	<insert id="insertBatch" parameterType="java.util.List">
		INSERT INTO PUB_ROLE (
				ROLE_NAME,
				STATUS,
				ROLE_LEVEL,
				REMARK
		)values
		<foreach collection="list" item="item" index="index" separator=",">
		(
				#{item.roleName,jdbcType=VARCHAR},
				#{item.status,jdbcType=INTEGER},
				#{item.roleLevel,jdbcType=INTEGER},
				#{item.remark,jdbcType=VARCHAR}
		)
		</foreach>
	</insert>
			
	<select id="read" parameterType="map" resultType="com.lckj.security.role.model.RoleVO">
		SELECT * FROM PUB_ROLE WHERE ROLE_ID = #{id[0]}
	</select>

	<insert id="insertPartitive" parameterType="map">
		INSERT INTO PUB_ROLE (${fields._insertFields}) values (${fields._insertValues})
	</insert>
	  
	<update id="update" parameterType="com.lckj.security.role.model.RoleVO">
		UPDATE PUB_ROLE SET 
				ROLE_NAME = #{roleName,jdbcType=VARCHAR},
				STATUS = #{status,jdbcType=INTEGER},
				ROLE_LEVEL = #{roleLevel,jdbcType=INTEGER},
				REMARK = #{remark,jdbcType=VARCHAR}
				WHERE ROLE_ID = #{roleId}
	</update>

	<update id="updatePartitive" parameterType="map" >
		UPDATE PUB_ROLE SET ${fields._updateSql} WHERE ROLE_ID = #{id[0]}
	</update>
	  
	<update id="updateBatch" parameterType="map" >
		UPDATE PUB_ROLE SET  ${fields._updateSql}
		<if test="condition.expressions != null ">
			<where> ${condition.comboedExpressions} </where>
		</if>		
	</update>
		  
	<delete id="delete" parameterType="map" >
		DELETE FROM PUB_ROLE WHERE ROLE_ID = #{id[0]}
	</delete>

	<delete id="deleteBatch" parameterType="map" >
		DELETE FROM PUB_ROLE 
		<if test="condition.expressions != null ">
			<where>${condition.comboedExpressions}</where>
		</if>		
	</delete>
	
<!-- userRRole -->		
	<select id="queryRoleByUser" parameterType="map" resultType="com.lckj.security.role.model.RoleVO">
		SELECT PUB_ROLE.* FROM PUB_ROLE, PUB_USER_R_ROLE WHERE PUB_ROLE.ROLE_ID = PUB_USER_R_ROLE.ROLE_ID
		<if test="condition.expressions != null ">
			${condition.comboedExpressions}
		</if>		
	</select>
	
	<insert id="batchInsertUserRRole" parameterType="java.util.List" >
		INSERT INTO PUB_USER_R_ROLE(USER_ID,ROLE_ID)values
		<foreach collection="list" item="item" index="index" separator=",">
		(
			#{item.userId,jdbcType=INTEGER}, 
			#{item.roleId,jdbcType=INTEGER}
    	)
    	</foreach> 
	</insert>
		  
	<delete id="deleteUserRRole" parameterType="map" >
		DELETE FROM PUB_USER_R_ROLE
		<if test="condition.expressions != null ">
			<where>${condition.comboedExpressions}</where>
		</if>
	</delete>
	
	<delete id="deleteUserRRoleByDeptCode" parameterType="map" >
		delete PUB_USER_R_ROLE t
		 where t.role_id = #{roleId}
		   and t.user_id in
		       (select t.user_id from pub_user t where t.dept_code like '${deptCode}%')
	</delete>
	
<!-- roleRMenu -->	
	<insert id="insertRoleRMenu" parameterType="com.lckj.security.role.model.RoleRMenuVO" >
		INSERT INTO PUB_ROLE_R_MENU(MENU_ID,ROLE_ID)VALUES(#{menuId,jdbcType=INTEGER},#{roleId,jdbcType=INTEGER})
	</insert>
	
	<insert id="batchInsertRoleRMenu" parameterType="java.util.List" >
		INSERT INTO PUB_ROLE_R_MENU(MENU_ID,ROLE_ID)values
		<foreach collection="list" item="item" index="index" separator=",">
		(
			#{item.menuId,jdbcType=INTEGER}, 
			#{item.roleId,jdbcType=INTEGER}
    	)
    	</foreach> 
	</insert>
		  
	<delete id="deleteRoleRMenu" parameterType="map" >
		DELETE FROM PUB_ROLE_R_MENU
		<if test="condition.expressions != null ">
			<where>${condition.comboedExpressions}</where>
		</if>
	</delete>
	
<!-- roleROperation -->	
	<insert id="insertRoleROperation" parameterType="com.lckj.security.operation.model.RoleROperationVO" >
		INSERT INTO PUB_ROLE_R_OPERATION (ROLE_ID,OPERATION_ID)VALUES(#{roleId,jdbcType=INTEGER},#{operationId,jdbcType=INTEGER})
	</insert>
	
	<insert id="batchInsertRoleROperation" parameterType="java.util.List" >
		INSERT INTO PUB_ROLE_R_OPERATION(ROLE_ID,OPERATION_ID) values
		<foreach collection="list" item="item" index="index" separator=",">
		(
			#{item.roleId,jdbcType=INTEGER}, 
			#{item.operationId,jdbcType=INTEGER}
    	) 
    	</foreach>
	</insert>
	
	<delete id="deleteRoleROperation" parameterType="map" >
		DELETE FROM PUB_ROLE_R_OPERATION 
		<if test="condition.expressions != null ">
			<where>${condition.comboedExpressions}</where>
		</if>
	</delete>
</mapper>